{
    "features": [
        "Salinite",
        "Profondeur",
        "Oxygene"
    ],
    "best_model": "polynomial",
    "models_performance": {
        "linear": {
            "r2": 0.7623849484222543,
            "rmse": 1.8777823902731834,
            "intercept": 11.210646293064611
        },
        "polynomial": {
            "r2": 0.8739534357793058,
            "rmse": 1.367646298451724,
            "degree": 0.0,
            "intercept": 9.210951430585883
        }
    }
}