{
    "threshold": 10.41,
    "features_without_density": [
        "Salinite",
        "Profondeur",
        "Oxygene"
    ],
    "features_with_density": [
        "Salinite",
        "Profondeur",
        "Oxygene",
        "Densite"
    ],
    "models_performance": {
        "logistic_without_density": {
            "accuracy": 0.9097050213915785,
            "precision": 0.9090149176954733,
            "recall": 0.9103612595788525,
            "f1_score": 0.9096875904893665,
            "roc_auc": 0.9694510264793591,
            "roc_auc_std": 0.01
        },
        "logistic_with_density": {
            "accuracy": 0.9999195805320552,
            "precision": 0.9999838990146197,
            "recall": 0.9998551097945779,
            "f1_score": 0.9999195002575991,
            "roc_auc": 0.999998568916641,
            "roc_auc_std": 0.01
        }
    }
}