Model,r2,rmse
linear,0.7623849484222543,1.8777823902731834
polynomial,0.8739534357793058,1.367646298451724
